Model,Training Accuracy (%),Training Loss
EfficientNetB7,96.80952429771423,0.10566098988056183
MobileNetV3Small,95.63491940498352,0.180622398853302
MobileNetV3Large,100.0,0.004741051699966192
